iata,name,officialWebsiteUrl,wikipediaUrl,wikidataUrl,sourceNotes
ATL,Hartsfield–Jackson Atlanta International Airport,https://www.atl.com,https://en.wikipedia.org/wiki/Hartsfield%E2%80%93Jackson_Atlanta_International_Airport,http://www.wikidata.org/entity/Q214861,Wikidata P238 IATA lookup; official website from Wikidata P856 when present.
LAX,Los Angeles International Airport,https://www.flylax.com/,https://en.wikipedia.org/wiki/Los_Angeles_International_Airport,http://www.wikidata.org/entity/Q8731,Wikidata P238 IATA lookup; official website from Wikidata P856 when present.
ORD,O'Hare International Airport,https://www.flychicago.com/ohare/,https://en.wikipedia.org/wiki/O%27Hare_International_Airport,http://www.wikidata.org/entity/Q213717,Wikidata P238 IATA lookup; official website from Wikidata P856 when present.
JFK,John F. Kennedy International Airport,https://www.jfkairport.com,https://en.wikipedia.org/wiki/John_F._Kennedy_International_Airport,http://www.wikidata.org/entity/Q8685,Wikidata P238 IATA lookup; official website from Wikidata P856 when present.
EWR,Newark Liberty International Airport,https://www.amtrak.com/stations/ewr,https://en.wikipedia.org/wiki/Newark_Liberty_International_Airport_Station,http://www.wikidata.org/entity/Q14705806,Wikidata P238 IATA lookup; official website from Wikidata P856 when present.
DFW,Dallas/Fort Worth International Airport,https://www.dfwairport.com/,https://en.wikipedia.org/wiki/Dallas_Fort_Worth_International_Airport,http://www.wikidata.org/entity/Q459096,Wikidata P238 IATA lookup; official website from Wikidata P856 when present.
MIA,Miami International Airport,https://miami-airport.com,https://en.wikipedia.org/wiki/Miami_International_Airport,http://www.wikidata.org/entity/Q127530,Wikidata P238 IATA lookup; official website from Wikidata P856 when present.
SFO,San Francisco International Airport,https://FlySFO.com,https://en.wikipedia.org/wiki/San_Francisco_International_Airport,http://www.wikidata.org/entity/Q8688,Wikidata P238 IATA lookup; official website from Wikidata P856 when present.
IAD,Washington Dulles International Airport,https://flydulles.com/iad/dulles-international-airport,https://en.wikipedia.org/wiki/Dulles_International_Airport,http://www.wikidata.org/entity/Q466835,Wikidata P238 IATA lookup; official website from Wikidata P856 when present.
IAH,George Bush Intercontinental Airport,https://www.fly2houston.com/iah,https://en.wikipedia.org/wiki/George_Bush_Intercontinental_Airport,http://www.wikidata.org/entity/Q744748,Wikidata P238 IATA lookup; official website from Wikidata P856 when present.
LAS,Harry Reid International Airport,https://www.harryreidairport.com/,https://en.wikipedia.org/wiki/Harry_Reid_International_Airport,http://www.wikidata.org/entity/Q853886,Wikidata P238 IATA lookup; official website from Wikidata P856 when present.
BOS,Logan International Airport,https://www.massport.com/logan-airport,https://en.wikipedia.org/wiki/Logan_International_Airport,http://www.wikidata.org/entity/Q671475,Wikidata P238 IATA lookup; official website from Wikidata P856 when present.
SEA,Seattle–Tacoma International Airport,https://www.portseattle.org/sea-tac,https://en.wikipedia.org/wiki/Seattle%E2%80%93Tacoma_International_Airport,http://www.wikidata.org/entity/Q14295,Wikidata P238 IATA lookup; official website from Wikidata P856 when present.
YYZ,Toronto Pearson International Airport,https://www.torontopearson.com/,https://en.wikipedia.org/wiki/Toronto_Pearson_International_Airport,http://www.wikidata.org/entity/Q242066,Wikidata P238 IATA lookup; official website from Wikidata P856 when present.
YVR,Vancouver International Airport,https://www.yvr.ca/zh-cn/,https://en.wikipedia.org/wiki/Vancouver_International_Airport,http://www.wikidata.org/entity/Q321224,Wikidata P238 IATA lookup; official website from Wikidata P856 when present.
YUL,Montréal–Trudeau International Airport,https://www.admtl.com/en,https://en.wikipedia.org/wiki/Montr%C3%A9al%E2%80%93Trudeau_International_Airport,http://www.wikidata.org/entity/Q736627,Wikidata P238 IATA lookup; official website from Wikidata P856 when present.
MEX,Aeropuerto Internacional Benito Juárez,https://www.aicm.com.mx,https://en.wikipedia.org/wiki/Mexico_City_International_Airport,http://www.wikidata.org/entity/Q860559,Wikidata P238 IATA lookup; official website from Wikidata P856 when present.
CUN,Cancún International Airport,https://www.asur.com.mx/,https://en.wikipedia.org/wiki/Canc%C3%BAn_International_Airport,http://www.wikidata.org/entity/Q641967,Wikidata P238 IATA lookup; official website from Wikidata P856 when present.
LHR,London Heathrow Airport,https://heathrow.com,https://en.wikipedia.org/wiki/Heathrow_Airport,http://www.wikidata.org/entity/Q8691,Wikidata P238 IATA lookup; official website from Wikidata P856 when present.
CDG,Paris-Charles de Gaulle Airport,https://www.parisaeroport.fr/fr/passagers/roissy-charles-de-gaulle,https://en.wikipedia.org/wiki/Charles_de_Gaulle_Airport,http://www.wikidata.org/entity/Q46280,Wikidata P238 IATA lookup; official website from Wikidata P856 when present.
AMS,Amsterdam Schiphol Airport,https://www.schiphol.nl/,https://en.wikipedia.org/wiki/Amsterdam_Airport_Schiphol,http://www.wikidata.org/entity/Q9694,Wikidata P238 IATA lookup; official website from Wikidata P856 when present.
FRA,Frankfurt Airport,https://www.frankfurt-airport.com/,https://en.wikipedia.org/wiki/Frankfurt_Airport,http://www.wikidata.org/entity/Q46033,Wikidata P238 IATA lookup; official website from Wikidata P856 when present.
IST,Istanbul Airport,https://www.istairport.com,https://en.wikipedia.org/wiki/Istanbul_Airport,http://www.wikidata.org/entity/Q3661908,Wikidata P238 IATA lookup; official website from Wikidata P856 when present.
MAD,Madrid-Barajas Airport,https://www.aena.es/es/adolfo-suarez-madrid-barajas.html,https://en.wikipedia.org/wiki/Madrid%E2%80%93Barajas_Airport,http://www.wikidata.org/entity/Q166276,Wikidata P238 IATA lookup; official website from Wikidata P856 when present.
MUC,Munich Airport,https://www.munich-airport.de/,https://en.wikipedia.org/wiki/Munich_Airport,http://www.wikidata.org/entity/Q131402,Wikidata P238 IATA lookup; official website from Wikidata P856 when present.
BCN,Josep Tarradellas Airport Barcelona-El Prat,https://www.aena.es/es/josep-tarradellas-barcelona-el-prat.html,https://en.wikipedia.org/wiki/Josep_Tarradellas_Barcelona%E2%80%93El_Prat_Airport,http://www.wikidata.org/entity/Q56973,Wikidata P238 IATA lookup; official website from Wikidata P856 when present.
LGW,London Gatwick Airport,https://www.gatwickairport.com/,https://en.wikipedia.org/wiki/Gatwick_Airport,http://www.wikidata.org/entity/Q8703,Wikidata P238 IATA lookup; official website from Wikidata P856 when present.
FCO,Roma Fiumicino Airport,https://www.adr.it/web/aeroporti-di-roma-zh/,https://en.wikipedia.org/wiki/Rome_Fiumicino_Airport,http://www.wikidata.org/entity/Q19101,Wikidata P238 IATA lookup; official website from Wikidata P856 when present.
ORY,Orly Airport,,https://en.wikipedia.org/wiki/Orly_Airport,http://www.wikidata.org/entity/Q223416,Wikidata P238 IATA lookup; official website from Wikidata P856 when present.
ZRH,Zurich Airport,https://www.flughafen-zuerich.ch/,https://en.wikipedia.org/wiki/Zurich_Airport,http://www.wikidata.org/entity/Q15114,Wikidata P238 IATA lookup; official website from Wikidata P856 when present.
VIE,Wien-Schwechat Airport,http://www.viennaairport.com/en,https://en.wikipedia.org/wiki/Vienna_International_Airport,http://www.wikidata.org/entity/Q32999,Wikidata P238 IATA lookup; official website from Wikidata P856 when present.
DUB,Dublin Airport,,https://en.wikipedia.org/wiki/Dublin_Airport,http://www.wikidata.org/entity/Q178021,Wikidata P238 IATA lookup; official website from Wikidata P856 when present.
CPH,Copenhagen Airport,http://www.cph.dk/,https://en.wikipedia.org/wiki/Copenhagen_Airport,http://www.wikidata.org/entity/Q206277,Wikidata P238 IATA lookup; official website from Wikidata P856 when present.
ARN,Stockholm Arlanda Airport,https://www.swedavia.com/arlanda/,https://en.wikipedia.org/wiki/Stockholm_Arlanda_Airport,http://www.wikidata.org/entity/Q223499,Wikidata P238 IATA lookup; official website from Wikidata P856 when present.
OSL,Oslo Airport,http://www.osl.no,"https://en.wikipedia.org/wiki/Oslo_Airport,_Gardermoen",http://www.wikidata.org/entity/Q210559,Wikidata P238 IATA lookup; official website from Wikidata P856 when present.
HEL,Helsinki Airport,https://www.finavia.fi/fi/lentoasemat/helsinki-vantaa,https://en.wikipedia.org/wiki/Helsinki_Airport,http://www.wikidata.org/entity/Q215327,Wikidata P238 IATA lookup; official website from Wikidata P856 when present.
BRU,Brussels Airport,http://www.brusselsairport.be/,https://en.wikipedia.org/wiki/Brussels_Airport,http://www.wikidata.org/entity/Q28934,Wikidata P238 IATA lookup; official website from Wikidata P856 when present.
LIS,Humberto Delgado Airport,https://www.lisbon-airport.com,https://en.wikipedia.org/wiki/Lisbon_Airport,http://www.wikidata.org/entity/Q403671,Wikidata P238 IATA lookup; official website from Wikidata P856 when present.
ATH,"Athens International Airport ""Eleftherios Venizelos""",https://www.aia.gr/,https://en.wikipedia.org/wiki/Athens_International_Airport,http://www.wikidata.org/entity/Q211734,Wikidata P238 IATA lookup; official website from Wikidata P856 when present.
WAW,Warsaw Chopin Airport,https://www.lotnisko-chopina.pl/pl/index.html,https://en.wikipedia.org/wiki/Warsaw_Chopin_Airport,http://www.wikidata.org/entity/Q465071,Wikidata P238 IATA lookup; official website from Wikidata P856 when present.
PRG,Václav Havel Airport Prague,https://www.prg.aero/,https://en.wikipedia.org/wiki/V%C3%A1clav_Havel_Airport_Prague,http://www.wikidata.org/entity/Q99172,Wikidata P238 IATA lookup; official website from Wikidata P856 when present.
MAN,Manchester Airport,https://www.manchesterairport.co.uk/,https://en.wikipedia.org/wiki/Manchester_Airport,http://www.wikidata.org/entity/Q8694,Wikidata P238 IATA lookup; official website from Wikidata P856 when present.
DUS,Düsseldorf Airport,https://www.dus.com,https://en.wikipedia.org/wiki/D%C3%BCsseldorf_Airport,http://www.wikidata.org/entity/Q58226,Wikidata P238 IATA lookup; official website from Wikidata P856 when present.
BER,Berlin Brandenburg Airport,https://ber.berlin-airport.de/,https://en.wikipedia.org/wiki/Berlin_Brandenburg_Airport,http://www.wikidata.org/entity/Q160556,Wikidata P238 IATA lookup; official website from Wikidata P856 when present.
MXP,"Milan–Malpensa ""Silvio Berlusconi"" Airport",https://www.milanomalpensa-airport.com/,https://en.wikipedia.org/wiki/Milan_Malpensa_Airport,http://www.wikidata.org/entity/Q60910,Wikidata P238 IATA lookup; official website from Wikidata P856 when present.
GVA,Geneva International Airport,https://www.gva.ch/en/,https://en.wikipedia.org/wiki/Geneva_Airport,http://www.wikidata.org/entity/Q289972,Wikidata P238 IATA lookup; official website from Wikidata P856 when present.
DXB,Dubai International Airport,https://www.dubaiairports.ae/en,https://en.wikipedia.org/wiki/Dubai_International_Airport,http://www.wikidata.org/entity/Q193439,Wikidata P238 IATA lookup; official website from Wikidata P856 when present.
DOH,Hamad International Airport,https://dohahamadairport.com/ar,https://en.wikipedia.org/wiki/Hamad_International_Airport,http://www.wikidata.org/entity/Q1198791,Wikidata P238 IATA lookup; official website from Wikidata P856 when present.
AUH,Zayed International Airport,https://www.zayedinternationalairport.ae/,https://en.wikipedia.org/wiki/Zayed_International_Airport,http://www.wikidata.org/entity/Q643562,Wikidata P238 IATA lookup; official website from Wikidata P856 when present.
JED,King Abdulaziz International Airport,https://www.kaia.sa/,https://en.wikipedia.org/wiki/King_Abdulaziz_International_Airport,http://www.wikidata.org/entity/Q153592,Wikidata P238 IATA lookup; official website from Wikidata P856 when present.
RUH,King Khalid International Airport,https://kkia.sa,https://en.wikipedia.org/wiki/King_Khalid_International_Airport,http://www.wikidata.org/entity/Q47157,Wikidata P238 IATA lookup; official website from Wikidata P856 when present.
KWI,Kuwait International Airport,http://www.kuwait-airport.com.kw/Index_e.htm,https://en.wikipedia.org/wiki/Kuwait_International_Airport,http://www.wikidata.org/entity/Q527157,Wikidata P238 IATA lookup; official website from Wikidata P856 when present.
TLV,Ben Gurion Airport,http://www.iaa.gov.il/he-il/airports/bengurion/pages/default.aspx,https://en.wikipedia.org/wiki/Ben_Gurion_Airport,http://www.wikidata.org/entity/Q181479,Wikidata P238 IATA lookup; official website from Wikidata P856 when present.
BAH,Bahrain International Airport,http://www.bahrainairport.com/,https://en.wikipedia.org/wiki/Bahrain_International_Airport,http://www.wikidata.org/entity/Q637639,Wikidata P238 IATA lookup; official website from Wikidata P856 when present.
HKG,Hong Kong International Airport,https://www.hongkongairport.com/,https://en.wikipedia.org/wiki/Hong_Kong_International_Airport,http://www.wikidata.org/entity/Q17704,Wikidata P238 IATA lookup; official website from Wikidata P856 when present.
SIN,Singapore Changi Airport,https://www.changiairport.com/,https://en.wikipedia.org/wiki/Changi_Airport,http://www.wikidata.org/entity/Q32159,Wikidata P238 IATA lookup; official website from Wikidata P856 when present.
ICN,Incheon International Airport,https://www.airport.kr,https://en.wikipedia.org/wiki/Incheon_International_Airport,http://www.wikidata.org/entity/Q20932,Wikidata P238 IATA lookup; official website from Wikidata P856 when present.
NRT,Narita International Airport,https://www.narita-airport.jp/,https://en.wikipedia.org/wiki/Narita_International_Airport,http://www.wikidata.org/entity/Q36454,Wikidata P238 IATA lookup; official website from Wikidata P856 when present.
HND,Tokyo International Airport,https://tokyo-haneda.com/zh-CHT,https://en.wikipedia.org/wiki/Haneda_Airport,http://www.wikidata.org/entity/Q204853,Wikidata P238 IATA lookup; official website from Wikidata P856 when present.
BKK,Suvarnabhumi Airport,https://suvarnabhumi.airportthai.co.th/,https://en.wikipedia.org/wiki/Suvarnabhumi_Airport,http://www.wikidata.org/entity/Q194316,Wikidata P238 IATA lookup; official website from Wikidata P856 when present.
KUL,Kuala Lumpur International Airport,https://airports.malaysiaairports.com.my,https://en.wikipedia.org/wiki/Kuala_Lumpur_International_Airport,http://www.wikidata.org/entity/Q500253,Wikidata P238 IATA lookup; official website from Wikidata P856 when present.
TPE,Taoyuan International Airport,https://www.taoyuan-airport.com/,https://en.wikipedia.org/wiki/Taoyuan_International_Airport,http://www.wikidata.org/entity/Q44856,Wikidata P238 IATA lookup; official website from Wikidata P856 when present.
PEK,Beijing Capital International Airport,http://www.bcia.com.cn,https://en.wikipedia.org/wiki/Beijing_Capital_International_Airport,http://www.wikidata.org/entity/Q32190,Wikidata P238 IATA lookup; official website from Wikidata P856 when present.
PVG,Shanghai Pudong International Airport,https://www.shairport.com/index_enpdjc.html,https://en.wikipedia.org/wiki/Shanghai_Pudong_International_Airport,http://www.wikidata.org/entity/Q36420,Wikidata P238 IATA lookup; official website from Wikidata P856 when present.
CAN,Guangzhou Baiyun International Airport,https://www.baiyunairport.com,https://en.wikipedia.org/wiki/Guangzhou_Baiyun_International_Airport,http://www.wikidata.org/entity/Q44868,Wikidata P238 IATA lookup; official website from Wikidata P856 when present.
CTU,Chengdu Shuangliu International Airport,http://www.cdairport.com,https://en.wikipedia.org/wiki/Chengdu_Shuangliu_International_Airport,http://www.wikidata.org/entity/Q387560,Wikidata P238 IATA lookup; official website from Wikidata P856 when present.
KIX,Kansai International Airport,https://www.kansai-airport.or.jp/tw/,https://en.wikipedia.org/wiki/Kansai_International_Airport,http://www.wikidata.org/entity/Q193682,Wikidata P238 IATA lookup; official website from Wikidata P856 when present.
DEL,Indira Gandhi International Airport,http://www.newdelhiairport.in/,https://en.wikipedia.org/wiki/Indira_Gandhi_International_Airport,http://www.wikidata.org/entity/Q821275,Wikidata P238 IATA lookup; official website from Wikidata P856 when present.
BOM,Chhatrapati Shivaji Maharaj International Airport,https://csmia.adaniairports.com/,https://en.wikipedia.org/wiki/Chhatrapati_Shivaji_Maharaj_International_Airport,http://www.wikidata.org/entity/Q504368,Wikidata P238 IATA lookup; official website from Wikidata P856 when present.
BLR,Kempegowda International Airport,https://www.bengaluruairport.com/,https://en.wikipedia.org/wiki/Kempegowda_International_Airport,http://www.wikidata.org/entity/Q503364,Wikidata P238 IATA lookup; official website from Wikidata P856 when present.
HYD,Rajiv Gandhi International Airport,http://www.hyderabad.aero,https://en.wikipedia.org/wiki/Rajiv_Gandhi_International_Airport,http://www.wikidata.org/entity/Q278667,Wikidata P238 IATA lookup; official website from Wikidata P856 when present.
MAA,Chennai International Airport,https://www.aai.aero/en/airports/chennai,https://en.wikipedia.org/wiki/Chennai_International_Airport,http://www.wikidata.org/entity/Q502670,Wikidata P238 IATA lookup; official website from Wikidata P856 when present.
SZX,Shenzhen Bao'an International Airport,http://www.szairport.com,https://en.wikipedia.org/wiki/Shenzhen_Bao%27an_International_Airport,http://www.wikidata.org/entity/Q842297,Wikidata P238 IATA lookup; official website from Wikidata P856 when present.
HAN,Noi Bai International Airport,http://noibaiairport.vn/en,https://en.wikipedia.org/wiki/Noi_Bai_International_Airport,http://www.wikidata.org/entity/Q844098,Wikidata P238 IATA lookup; official website from Wikidata P856 when present.
SGN,Tan Son Nhut Air Base,https://www.vietnamairport.vn/tansonnhatairport/,https://en.wikipedia.org/wiki/Tan_Son_Nhut_Air_Base,http://www.wikidata.org/entity/Q4115006,Wikidata P238 IATA lookup; official website from Wikidata P856 when present.
CGK,Soekarno Hatta International Airport,https://soekarnohatta.injourneyairports.id/,https://en.wikipedia.org/wiki/Soekarno%E2%80%93Hatta_International_Airport,http://www.wikidata.org/entity/Q749497,Wikidata P238 IATA lookup; official website from Wikidata P856 when present.
DPS,I Gusti Ngurah Rai International Airport,http://www.bali-airport.com,https://en.wikipedia.org/wiki/Ngurah_Rai_International_Airport,http://www.wikidata.org/entity/Q1061846,Wikidata P238 IATA lookup; official website from Wikidata P856 when present.
MNL,Ninoy Aquino International Airport,https://www.newnaia.com.ph/,https://en.wikipedia.org/wiki/Ninoy_Aquino_International_Airport,http://www.wikidata.org/entity/Q86446,Wikidata P238 IATA lookup; official website from Wikidata P856 when present.
KTM,Tribhuvan International Airport,http://www.tiairport.com.np,https://en.wikipedia.org/wiki/Tribhuvan_International_Airport,http://www.wikidata.org/entity/Q61066,Wikidata P238 IATA lookup; official website from Wikidata P856 when present.
CMB,Bandaranaike International Airport,http://www.airport.lk/,https://en.wikipedia.org/wiki/Bandaranaike_International_Airport,http://www.wikidata.org/entity/Q60900,Wikidata P238 IATA lookup; official website from Wikidata P856 when present.
SYD,Sydney Airport,http://www.sydneyairport.com.au,https://en.wikipedia.org/wiki/Sydney_Airport,http://www.wikidata.org/entity/Q17581,Wikidata P238 IATA lookup; official website from Wikidata P856 when present.
MEL,Melbourne Airport,https://www.melbourneairport.com.au/,https://en.wikipedia.org/wiki/Melbourne_Airport,http://www.wikidata.org/entity/Q733738,Wikidata P238 IATA lookup; official website from Wikidata P856 when present.
BNE,Brisbane Airport,http://www.bne.com.au/,https://en.wikipedia.org/wiki/Brisbane_Airport,http://www.wikidata.org/entity/Q45523,Wikidata P238 IATA lookup; official website from Wikidata P856 when present.
PER,Perth Airport,https://www.perthairport.com.au/,https://en.wikipedia.org/wiki/Perth_Airport,http://www.wikidata.org/entity/Q45935,Wikidata P238 IATA lookup; official website from Wikidata P856 when present.
AKL,Auckland Airport,https://www.aucklandairport.co.nz/,https://en.wikipedia.org/wiki/Auckland_Airport,http://www.wikidata.org/entity/Q45938,Wikidata P238 IATA lookup; official website from Wikidata P856 when present.
JNB,OR Tambo International Airport,https://ortambointernationalairport.co.za,https://en.wikipedia.org/wiki/O._R._Tambo_International_Airport,http://www.wikidata.org/entity/Q821750,Wikidata P238 IATA lookup; official website from Wikidata P856 when present.
CPT,Cape Town International Airport,http://www.capetowninternationalairport.co.za,https://en.wikipedia.org/wiki/Cape_Town_International_Airport,http://www.wikidata.org/entity/Q854130,Wikidata P238 IATA lookup; official website from Wikidata P856 when present.
CAI,Cairo International Airport,https://www.cairo-airport.com/,https://en.wikipedia.org/wiki/Cairo_International_Airport,http://www.wikidata.org/entity/Q461793,Wikidata P238 IATA lookup; official website from Wikidata P856 when present.
ADD,Addis Ababa Bole International Airport,https://boleairport.com/,https://en.wikipedia.org/wiki/Addis_Ababa_Bole_International_Airport,http://www.wikidata.org/entity/Q44923,Wikidata P238 IATA lookup; official website from Wikidata P856 when present.
LOS,Murtala Muhammed International Airport,https://faan.gov.ng/mmia-lagos/,https://en.wikipedia.org/wiki/Murtala_Muhammed_International_Airport,http://www.wikidata.org/entity/Q1043631,Wikidata P238 IATA lookup; official website from Wikidata P856 when present.
NBO,Jomo Kenyatta International Airport,http://kenyaairports.co.ke/jomo-kenyatta-international-airport/,https://en.wikipedia.org/wiki/Jomo_Kenyatta_International_Airport,http://www.wikidata.org/entity/Q206349,Wikidata P238 IATA lookup; official website from Wikidata P856 when present.
CMN,Mohammed V International Airport,http://www.casablanca-airport.com,https://en.wikipedia.org/wiki/Mohammed_V_International_Airport,http://www.wikidata.org/entity/Q955433,Wikidata P238 IATA lookup; official website from Wikidata P856 when present.
ALG,Algiers Houari Boumediene Airport,https://www.aeroportalger.dz/,https://en.wikipedia.org/wiki/Houari_Boumediene_Airport,http://www.wikidata.org/entity/Q623452,Wikidata P238 IATA lookup; official website from Wikidata P856 when present.
GRU,São Paulo-Guarulhos International Airport,https://www.gru.com.br/en,https://en.wikipedia.org/wiki/S%C3%A3o_Paulo/Guarulhos_International_Airport,http://www.wikidata.org/entity/Q385406,Wikidata P238 IATA lookup; official website from Wikidata P856 when present.
EZE,Ministro Pistarini International Airport,https://www.aa2000.com.ar/es/EZE,https://en.wikipedia.org/wiki/Ezeiza_International_Airport,http://www.wikidata.org/entity/Q384788,Wikidata P238 IATA lookup; official website from Wikidata P856 when present.
BOG,El Dorado International Airport,https://eldorado.aero/,https://en.wikipedia.org/wiki/El_Dorado_International_Airport,http://www.wikidata.org/entity/Q201785,Wikidata P238 IATA lookup; official website from Wikidata P856 when present.
SCL,Arturo Merino Benítez International Airport,https://www.nuevopudahuel.cl/,https://en.wikipedia.org/wiki/Arturo_Merino_Ben%C3%ADtez_International_Airport,http://www.wikidata.org/entity/Q127671,Wikidata P238 IATA lookup; official website from Wikidata P856 when present.
LIM,Jorge Chávez International Airport,https://www.lima-airport.com,https://en.wikipedia.org/wiki/Jorge_Ch%C3%A1vez_International_Airport,http://www.wikidata.org/entity/Q1142219,Wikidata P238 IATA lookup; official website from Wikidata P856 when present.
GIG,Rio de Janeiro/Galeão – Antonio Carlos Jobim International Airport,https://www.riogaleao.com/passageiros,https://en.wikipedia.org/wiki/Rio_de_Janeiro/Gale%C3%A3o_International_Airport,http://www.wikidata.org/entity/Q733998,Wikidata P238 IATA lookup; official website from Wikidata P856 when present.
PTY,Tocumen International Airport,https://www.tocumenpanama.aero/,https://en.wikipedia.org/wiki/Tocumen_International_Airport,http://www.wikidata.org/entity/Q1420178,Wikidata P238 IATA lookup; official website from Wikidata P856 when present.
